Name,Token Address,Num Holders
Tether USDt,0xdac17f958d2ee523a2206206994597c13d831ec7,5125112.0
Augur,0x1985365e9f78359a9B6AD760e32412f4a445E862,18914.0
Pluton,0xd8912c10681d8b21fd3742244f44658dba12264e,17926.0
Golem,0x7DD9c5Cba05E151C895FDe1CF355C9A1D5DA6429,19448.0
Wings,0x667088b212ce3d06a1b553a7221E1fD19000d9aF,11313.0
Maker,0x9f8f72aa9304c8b593d555f12ef6589cc3a579a2,99253.0
iExec RLC,0x607f4c5bb672230e8672085532f7e901544a7375,24044.0
Gnosis,0x6810e776880c02933d47db1b9fc05908e5386b96,20203.0
Aragon,0xa117000000f279d81a1d3cc75430faa017fa5a2e,15161.0
Basic Attention Token,0x0d8775f648430679a709e98d2b0cb6250d2887ef,445264.0
Veritaseum,0x8f3470A7388c05eE4e7AF3d01D8C722b0FF52374,26315.0
Bancor,0x1f573d6fb3f13d689ff844b4ce37794d79a7ff1c,39922.0
Numeraire,0x1776e1F26f98b1A5dF9cD347953a26dd3Cb46671,37630.0
FUNToken,0x419d0d8bdd9af5e606ae2232ed285aff190e711b,90911.0
TenX,0xb97048628db6b661d4c2aa833e95dbe1a905b280,56933.0
Status,0x744d70fdbe2ba4cf95131626614a1763df805b9e,83136.0
Storj,0xb64ef51c888972c908cfacf59b47c1afbc0ab8ac,94267.0
Polybius,0x0affa06e7fbe5bc9a764c979aa66e8256a631f02,15152.0
Metal DAO,0xF433089366899D83a9f26A773D59ec7eCF30355e,12776.0
Populous,0xd4fa1460f537bb9085d22c7bccb5dd450ef28e3a,29205.0
OMG Network,0xd26114cd6ee289accf82350c8d8487fedb8a0c07,688161.0
Civic,0x41e5560054824ea6b0732e656e3ad64e20e94e45,66150.0
Pillar,0xe3818504c1b32bf1557b16c238b2e01fd3149c17,22075.0
district0x,0x0abdace70d3790235af448c88547603b945604ea,44663.0
Stox,0x006BeA43Baa3f7A6f765F14f10A1a1b08334EF45,18894.0
Dentacoin,0x08d32b0da63e2C3bcF8019c9c5d849d7a9d791e6,55561.0
Dent,0x3597bfd533a99c9aa083587b074434e61eb0a258,85444.0
0x Protocol,0xe41d2489571d322189246dafa5ebde1f4699f498,195517.0
Waltonchain,0xb7cb1c96db6b22b0d3d9536e0108d062bd488f74,24170.0
Primas,0x5d4abc77b8405ad177d8ac6682d584ecbfd46cec,14992.0
Loopring,0xbbbbca6a901c926f240b89eacb641d8aec7aeafd,168893.0
Po.et,0x0e0989b1f9b8a38983c2ba8053269ca62ec9b195,19609.0
Decentraland,0x0f5d2fb29fb7d3cfee444a200298f468908cc942,308833.0
Indorse Token,0xf8e386eda857484f5a12e4b5daa9984e06e73705,62666.0
Propy,0x226bb599a12c826476e3a771454697ea52e9e220,12307.0
Chainlink,0x514910771af9ca656af840dff83e8264ecf986ca,717735.0
Kyber Network Crystal Legacy,0xdd974d5c2e2928dea5f71b9825b8b646686bd200,81430.0
Substratum,0x8D75959f1E61EC2571aa72798237101F084DE63a,35733.0
SALT,0x4156D3342D5c385a87D264F90653733592000581,68500.0
Cobinhood,0xb2f7eb1f2c37645be61d73953035360e768d81e6,19889.0
Viberate,0x2c974b2d0ba1716e644c1fc59982a89ddd2ff724,10839.0
Cindicator,0xd4c435f5b09f855c3317c8524cb1f586e42795fa,29591.0
Enigma,0xf0ee6b27b759c9893ce4f094b49ad28fd15a23e4,10944.0
Zeusshield,0x7A41e0517a5ecA4FdbC7FbebA4D4c47B9fF6DC63,60084.0
AirSwap,0x27054b13b1b798b345b591a4d22e6562d47ea75a,13340.0
Request,0x8f8221afbb33998d8584a2b05749ba73c37a938a,42684.0
Ripio Credit Network,0xf970b8e36e23f7fc3fd752eea86f8be8d83375a6,24158.0
Etherparty,0xea38eaa3c86c8f9b751533ba2e562deb9acded40,62531.0
Powerledger,0x595832f8fc6bf59c85c527fec3740a1b7a361269,54778.0
Revain,0x2ef52Ed7De8c5ce03a4eF0efbe9B7450F2D7Edc9,91586.0
Raiden Network Token,0x255aa6df07540cb5d3d297f0d0d4d84cb52bc8e6,17230.0
Upfiring,0xea097a2b1db00627b2fa17460ad260c016016977,11157.0
Quantstamp,0x99ea4db9ee77acd40b119bd1dc4e33e1c070b80d,38543.0
QASH,0x618e75ac90b12c6049ba3b27f5d5f8651b0037f6,12777.0
EventChain,0xb62d18dea74045e822352ce4b3ee77319dc5ff2f,22372.0
Dragonchain,0x419c4db4b9e25d6db2ad9691ccb832c8d9fda05e,39489.0
Presearch,0xEC213F83defB583af3A000B1c0ada660b1902A0F,21477.0
BlockCDN,0x1e797Ce986C3CFF4472F7D38d5C4aba55DfEFE40,33244.0
MediShares,0x66186008C1050627F979d464eABb258860563dbE,15187.0
Playkey,0x2604fa406be957e542beb89e6754fcde6815e83f,10440.0
MicroMoney,0x8b1f49491477e0fb46a29fef53f1ea320d13c349,34218.0
LockTrip,0x5e3346444010135322268a4630d2ed5f8d09446c,33907.0
Worldcore,0x72adadb447784dd7ab1f472467750fc485e4cb2d,29199.0
Genaro Network,0x6ec8a24cabdc339a06a172f8223ea557055adaa5,40512.0
OST,0x2c4e8f2d746113d0696ce89b35f0d8bf88e0aeca,12447.0
StormX,0xa62cc35625b0c8dc1faea39d33625bb4c15bd71c,11560.0
aelf,0xbf2179859fc6D5BEE9Bf9158632Dc51678a4100e,51241.0
NAGA,0x72dd4b6bd852a3aa172be4d6c5a6dbec588cf131,47617.0
Bread,0x558ec3152e2eb2174905cd19aea4e34a23de9ad6,28843.0
Bounty0x,0xd2d6158683aee4cc838067727209a0aaf4359de3,20452.0
SIRIN LABS Token,0x68d57c9a1c35f63e2c83ee8e49a64e9d70528d25,26319.0
xMoney,0xdc9Ac3C20D1ed0B540dF9b1feDC10039Df13F99c,23005.0
Game.com,0xB70835D7822eBB9426B56543E391846C107bd32C,14248.0
SwftCoin,0x0bb217E40F8a5Cb79Adf04E1aAb60E5abd0dfC1e,26960.0
AppCoins,0x1a7a8bd9106f2b8d977e08582dc7d24c723ab0db,11205.0
Measurable Data Token,0x814e0908b12a99fecf5bc101bb5d0b8b5cdf7d26,28551.0
Mixin,0xa974c709cfb4566686553a20790685a47aceaa33,20180.0
GET Protocol,0x8a854288a5976036a725879164ca3e91d30c6a1b,14325.0
TokenClub,0x4824a7b64e3966b0133f4f4ffb1b9d6beb75fff7,24426.0
Kcash,0x32d74896f05204d1b6ae7b0a3cebd7fc0cd8f9c7,14063.0
EchoLink,0xa6a840e50bcaa50da017b91a0d86b8b2d41156ee,18115.0
Telcoin,0x467bccd9d29f223bce8043b84e8c8b282827790f,45208.0
WETH,0xc02aaa39b223fe8d0a0e5c4f27ead9083c756cc2,966213.0
SelfKey,0x4cc19356f2d37338b9802aa8e8fc58b0373296e7,17851.0
AICHAIN,0x79650799e7899a802cb96c0bc33a6a8d4ce4936c,102906.0
SingularityNET,0x5B7533812759B45C2B44C19e320ba2cD2681b542,80650.0
Scry.info,0x9F5F3CFD7a32700C93F971637407ff17b91c7342,32407.0
Hydro Protocol,0x9af839687f6c94542ac5ece2e317daae355493a1,26395.0
CRYPTO20,0x26e75307fc0c021472feb8f727839531f112f317,11685.0
Odyssey,0x4092678e4E78230F46A1534C0fbc8fA39780892B,235956.0
indaHash,0x5136C98A80811C3f46bDda8B5c4555CFd9f812F0,18259.0
AidCoin,0x37e8789bb9996cac9156cd5f5fd32599e6b91289,26904.0
OriginTrail,0xaa7a9ca87d3694b5755f213b5d04094b8d0f0a6f,19950.0
LinkEye,0xfa3118b34522580c35ae27f6cf52da1dbb756288,69944.0
Ruff,0xf278c1ca969095ffddded020290cf8b5c424ace2,51633.0
CoinFi,0x3136ef851592acf49ca4c825131e364170fa32b3,63257.0
Polymath,0x9992ec3cf6a55b00978cddf2b27bc6882d88d1ec,101579.0
Huobi Token,0x6f259637dcd74c767781e37bc6133cd6a68aa161,52783.0
Bluzelle,0x5732046a883704404f284ce41ffadd5b007fd668,27849.0
WePower,0x4CF488387F035FF08c371515562CBa712f9015d4,51339.0
Neurotoken,0x69beab403438253f13b6e92db91f7fb849258263,15943.0
Gems,0xc7bba5b765581efb2cdd2679db5bea9ee79b201f,12594.0
Ren,0x408e41876cccdc0f92210600ef50372656052a38,63048.0
Arcblock,0xb98d4c97425d9908e66e53a6fdf673acca0be986,20359.0
IHT Real Estate Protocol,0xEda8B016efA8b1161208Cf041cD86972eeE0F31E,61428.0
Refereum,0xd0929d411954c47438dc1d871dd6081f5c5e149c,64628.0
Lympo,0xc690f7c7fcffa6a82b79fab7508c466fefdfc8c5,75674.0
TrueUSD,0x0000000000085d4780B73119b644AE5ecd22b376,51543.0
StarterCoin,0x9a005c9a89bd72a4bd27721e7a09a3c11d2b03c4,14032.0
Electrify.Asia,0xd49ff13661451313ca1553fd6954bd1d9b6e02b9,127360.0
TE-FOOD,0x2ab6bb8408ca3199b8fa6c92d5b455f820af03c4,11068.0
Synthetix,0xc011a73ee8576fb46f5e1c5751ca3b9fe0af2a6f,89702.0
NANJCOIN,0xffe02ee4c69edf1b340fcad64fbd6b37a7b9e265,13658.0
Pundi X (Old),0xa15c7ebe1f07caf6bff097d8a589fb8ac49ae5b3,68167.0
BlitzPick,0x28dee01d53fed0edf5f6e310bf8ef9311513ae40,21936.0
Friendz,0x23352036e911a22cfc692b5e2e196692658aded9,43112.0
ODEM,0xbf52f2ab39e26e0951d2a02b49b7702abe30406a,14806.0
CyberVein,0xbe428c3867f05dea2a89fc76a102b544eac7f772,52185.0
eosDAC,0x7e9e431a0b8c4d532c745b1043c7fa29a48d4fba,97090.0
U Network,0x3543638ed4a9006e4840b105944271bcea15605d,19002.0
Smart MFG,0x6710c63432a2de02954fc0f851db07146a6c0312,10008.0
Linker Coin,0x6BEB418Fc6E1958204aC8baddCf109B8E9694966,13607.0
Holo,0x6c6ee5e31d828de241282b9606c8e98ea48526e2,119278.0
Rublix,0xFc2C4D8f95002C14eD0a7aA65102Cac9e5953b5E,27902.0
Nexo,0xb62132e35a6c13ee1ee0f84dc5d40bad8d815206,78786.0
Celsius,0xaaaebe6fe48e54f431b0c390cfaf0b017d09d42d,30590.0
Morpheus Labs,0x4a527d8fc13c5203ab24ba0944f4cb14658d1db6,112100.0
MyToken,0x9b4e2b4b13d125238aa0480dd42b4f6fc71b37cc,36270.0
Skrumble Network,0x048fe49be32adfc9ed68c37d32b5ec9df17b3603,11521.0
Global Social Chain,0x228ba514309ffdf03a81a205a6d040e429d6e80c,58681.0
Unibright,0x8400d94a5cb0fa0d041a3788e395285d61c9ee5e,22818.0
Cred,0xfe5f141bf94fe84bc28ded0ab966c16b17490657,33197.0
Open Platform,0x9d86b1b2554ec410eccffbf111a6994910111340,57046.0
Morpheus.Network,0xd3E4Ba569045546D09CF021ECC5dFe42b1d7f6E4,14773.0
XYO,0x55296f69f40ea6d20e478533c15a6b08b654e758,90784.0
Digitex,0xc666081073e8dff8d3d1c2292a29ae1a2153ec09,14773.0
SPINDLE,0x1dEa979ae76f26071870F824088dA78979eb91C8,23447.0
QuarkChain,0xea26c4ac16d4a5a106820bc8aee85fd0b7b2b664,10161.0
Abyss,0x0e8d6b471e332f140e7d9dbb99e5e3822f728da6,11328.0
CEEK VR,0xb056c38f6b7dc4064367403e26424cd2c60655e1,23647.0
XMax,0x0f8c45b896784a1e408526b9300519ef8660209c,146330.0
Smartshare,0x624d520bab2e4ad83935fa503fb130614374e850,36772.0
Sentinel Protocol,0xc86d054809623432210c107af2e3f619dcfbf652,18725.0
Aurora,0x9ab165d795019b6d8b3e971dda91071421305e5a,102305.0
Zus,0xb9ef770b6a5e12e45983c5d80545258aa38f3b78,24696.0
Bob's Repair,0xdf347911910b6c9a4286ba8e2ee5ea4a39eb2134,25994.0
KanadeCoin,0x8E5610ab5E39d26828167640EA29823fe1dD5843,31932.0
Mainframe,0xdf2c7238198ad8b389666574f2d8bc411a4b7428,27560.0
FansTime,0x943ed852dadb5c3938ecdc6883718df8142de4c8,141274.0
Essentia,0xfc05987bd2be489ACCF0f509E44B0145d68240f7,22063.0
Karatgold Coin,0xf3586684107ce0859c44aa2b2e0fb8cd8731a15a,21275.0
HashCoin,0x2bba3cf6de6058cc1b4457ce00deb359e2703d7f,30143.0
sUSD,0x57Ab1ec28D129707052df4dF418D58a2D46d5f51,15061.0
BitKan,0x1410434b0346f5be678d0fb554e5c7ab620f8f4a,54606.0
Hashgard,0x5c64031c62061865e5fd0f53d3cdaef80f72e99d,10582.0
Rocket Pool,0xd33526068d116ce69f19a9ee46f0bd304f21a51f,10354.0
ContentBox,0x63f584fa56e60e4d0fe8802b27c7e6e3b33e007f,30302.0
SoPay,0x076641af1b8f06b7f8c92587156143c109002cbe,229769.0
Kryll,0x464eBE77c293E473B48cFe96dDCf88fcF7bFDAC0,12934.0
MVL,0xa849eaae994fb86afa73382e9bd88c2b6b18dc71,11607.0
AVINOC,0xf1ca9cb74685755965c7458528a36934df52a3ef,148144.0
IGToken,0x8a88f04e0c905054d2f33b26bb3a46d7091a039a,112454.0
GSENetwork,0xe530441f4f73bDB6DC2fA5aF7c3fC5fD551Ec838,305354.0
SiaCashCoin,0x74fd51a98a4a1ecbef8cc43be801cce630e260bd,129662.0
DxChain Token,0x973e52691176d36453868D9d86572788d27041A9,11525.0
Ubex,0x6704b673c70de9bf74c8fba4b4bd748f0e2190e1,15378.0
Blockpass,0xee4458e052b533b1aabd493b5f8c4d85d7b263dc,70019.0
Netkoin,0x5d4d57cd06fa7fe99e26fdc481b468f77f05073c,14024.0
Quant,0x4a220e6096b25eadb88358cb44068a3248254675,152630.0
PumaPay,0x846c66cf71c43f80403b51fe3906b3599d63336f,16716.0
ShowHand,0x48c1b2f3efa85fbafb2ab951bf4ba860a08cdbb7,54538.0
HitChain,0x7995ab36bB307Afa6A683C24a25d90Dc1Ea83566,11478.0
DAV Coin,0xd82df0abd3f51425eb15ef7580fda55727875f14,18653.0
Moneytoken,0x13119e34e140097a507b07a5564bde1bc375d9e6,60254.0
MINDOL,0x5d64d850c8368008afb39224e92ad0dceff3cf38,20121.0
Gemini Dollar,0x056Fd409E1d7A124BD7017459dFEa2F387b6d5Cd,20050.0
Pax Dollar,0x8e870d67f660d95d5be530380d0ec0bd388289e1,111470.0
QChi,0x687bfc3e73f6af55f0ccca8450114d107e781a0e,11140.0
FREEdom Coin,0x2f141ce366a2462f02cea3d12cf93e4dca49e4fd,47196.0
USDC,0xa0b86991c6218b36c1d19d4a2e9eb0ce3606eb48,1949136.0
Zenswap Network Token,0xe95990825aab1a7f0af4cc648f76a3bcc99f25b2,17837.0
CryptoSoul,0xbb1f24c0c1554b9990222f036b0aad6ee4caec29,65210.0
Breezecoin,0x77c07555af5ffdc946fb47ce15ea68620e4e7170,10532.0
Ethereum Meta,0xfd957f21bd95e723645c07c48a2d8acb8ffb3794,11307.0
Hippocrat,0xfE39C384D702914127a005523f9915ADDB9bd59b,11986.0
VestChain,0x37f04d2c3ae075fad5483bb918491f656b12bdb6,29220.0
Livepeer,0x58b6a8a3302369daec383334672404ee733ab239,2215338.0
Lambda,0x8971f9fd7196e5cee2c1032b50f656855af7dd26,18018.0
Atomic Wallet Coin,0xad22f63404f7305e4713ccbd4f296f34770513f4,47138.0
Wrapped Bitcoin,0x2260fac5e5542a773aa44fbcfedf7c193bc2c599,86417.0
SOLVE,0x446c9033e7516d820cc9a2ce2d0b7328b579406f,13791.0
The Currency Analytics,0xaff84e86d72edb971341a6a66eb2da209446fa14,12940.0
Scanetchain,0xadf8b8050639b6236915f7516d69de714672f0bf,10722.0
CustomContractNetwork,0x17b26400621695c2d8c2d8869f6259e82d7544c4,10362.0
CoTrader,0x5c872500c00565505f3624ab435c222e558e9ff8,50882.0
Ankr,0x8290333cef9e6d528dd5618fb97a76f268f3edd4,47447.0
ZEON,0xe5b826ca2ca02f09c1725e9bd98d9a8874c30532,33496.0
Celer Network,0x4f9254c83eb525f9fcf346490bbb3ed28a81c667,21083.0
Verasity,0xf411903cbc70a74d22900a5de66a2dda66507255,86079.0
WHEN Token,0xf4fe95603881d0e07954fd7605e0e9a916e42c44,21141.0
ChangeNOW Token,0xe9a95d175a5f4c9369f3b74222402eb1b837693b,13554.0
OKB,0x75231f58b43240c9718dd58b4967c5114342a86c,52603.0
Ocean Protocol,0x967da4048cd07ab37855c090aaf366e4ce1b9f48,54728.0
IDEX,0xb705268213d593b8fd88d3fdeff93aff5cbdcfae,15639.0
CNNS,0x6c3be406174349cfa4501654313d97e6a31072e1,27115.0
SparkPoint,0x0488401c3f535193fa8df029d9ffe615a06e74e6,16775.0
Carry,0x115eC79F1de567eC68B7AE7eDA501b406626478e,29698.0
Reserve Rights,0x320623b8e4ff03373931769a31fc52a4e78b5d70,17634.0
STP,0xde7d85157d9714eadf595045cc12ca4a5f3e2adb,15506.0
ARPA,0xba50933c268f567bdc86e1ac131be072c6b0b71a,11497.0
Ampleforth,0xd46ba6d942050d489dbd938a2c909a5d5039a161,35702.0
Chiliz,0x3506424f91fd33084466f402d5d97f05f8e3b4af,122130.0
ETHplode,0xe0c6ce3e73029f201e5c0bedb97f67572a93711c,43002.0
Dusk,0x940a2db1b7008b6c776d4faaca729d6d4a4aa551,17822.0
ForTube,0x1fcdce58959f536621d76f5b7ffb955baa5a672f,22383.0
Akropolis,0x8ab7404063ec4dbcfd4598215992dc3f8ec853d7,16608.0
Realio Network,0xf21661d0d1d76d3ecb8e1b9f1c923dbfffae4097,19024.0
Ultra,0xd13c7342e1ef687c5ad21b27c2b65d772cab5c8c,26708.0
Syntropy,0xa8c8CfB141A3bB59FEA1E2ea6B79b5ECBCD7b6ca,12316.0
MixMarvel,0x5d285f735998f36631f678ff41fb56a10a4d0429,10238.0
VIDY,0xc77b230f31b517f1ef362e59c173c2be6540b5e8,12003.0
Vectorspace AI,0x7D29A64504629172a429e64183D6673b9dAcbFCe,15795.0
Tepleton,0x2e65e12b5f0fd1d58738c6f38da7d57f5f183d1c,67077.0
Band Protocol,0xba11d00c5f74255f56a5e366f4f77f5a186d7f55,35245.0
Rupiah Token,0x998FFE1E43fAcffb941dc337dD0468d52bA5b48A,10161.0
PAX Gold,0x45804880de22913dafe09f4980848ece6ecbaf78,31683.0
XcelToken Plus,0x8c4e7f814d40f8929f9112c5d09016f923d34472,101811.0
Tokenize Xchange,0x667102BD3413bFEaa3Dffb48fa8288819E480a88,50191.0
NuCypher,0x4fe83213d56308330ec302a8bd641f1d0113a4cc,25038.0
VNDC,0x1f3f677ecc58f6a1f9e2cf410df4776a8546b5de,223917.0
ZUM TOKEN,0xe0b9bcd54bf8a730ea5d3f1ffce0885e911a502c,16422.0
Era Swap,0xef1344bdf80bef3ff4428d8becec3eea4a2cf574,16965.0
Kuverit,0xf70d160102cf7a22c1e432d6928a9d625db91170,16043.0
Dai,0x6b175474e89094c44da98b954eedeac495271d0f,499427.0
LCX,0x037a54aab062628c9bbae1fdb1583c195585fe41,24014.0
FirmaChain,0xe1bad922f84b198a08292fb600319300ae32471b,12498.0
HEX,0x2b591e99afe9f32eaa6214f7b7629768c40eeb39,333053.0
Orchid,0x4575f41308EC1483f3d399aa9a2826d74Da13Deb,45791.0
Tap,0x6368e1E18c4C419DDFC608A0BEd1ccb87b9250fc,18574.0
Origin Protocol,0x8207c1ffc5b6804f6024322ccf34f29c3541ae26,45803.0
AfroDex,0x08130635368AA28b217a4dfb68E1bF8dC525621C,25574.0
PYRO Network,0x14409b0fc5c7f87b5dad20754fe22d29a3de8217,23571.0
KOK,0x9b9647431632af44be02ddd22477ed94d14aacaa,184955.0
Compound Dai,0x5d3a536e4d6dbd6114cc1ead35777bab948e3643,17601.0
BTSE Token,0x666d875c600aa06ac1cf15641361dec3b00432ef,18168.0
PEAKDEFI,0x630d98424efe0ea27fb1b3ab7741907dffeaad78,11088.0
PARSIQ,0x362bc847A3a9637d3af6624EeC853618a43ed7D2,15920.0
DEAPcoin,0x1a3496c18d558bd9c6c8f609e1b129f67ab08163,22609.0
Cartesi,0x491604c0fdf08347dd1fa4ee062a822a5dd06b5d,20539.0
WiBX,0xbb97e381f1d1e94ffa2a5844f6875e6146981009,16794.0
Keep Network,0x85eee30c52b0b379b046fb0f85f4f3dc3009afec,10554.0
MATH,0x08d967bb0134f2d07f7cfb6e246680c53927dd30,13351.0
UMA,0x04Fa0d235C4abf4BcF4787aF4CF447DE572eF828,21528.0
LUKSO (Old),0xA8b919680258d369114910511cc87595aec0be6D,13902.0
Orion,0x0258F474786DdFd37ABCE6df6BBb1Dd5dfC4434a,11095.0
PointPay,0x95aa5d2dbd3c16ee3fdea82d5c6ec3e38ce3314f,10539.0
Render,0x6de037ef9ad2725eb40118bb1702ebb27e4aeb24,62818.0
SKALE,0x00c83aecc790e8a4453e5dd3b0b4b3680501a7a7,25645.0
Compound,0xc00e94cb662c3520282e6f5717214004a7f26888,218571.0
Balancer,0xba100000625a3754423978a60c9317c58a424e3D,47443.0
SORA,0x40FD72257597aA14C7231A7B1aaa29Fce868F677,13587.0
Smooth Love Potion,0xCC8Fa225D80b9c7D42F96e9570156c65D6cAAa25,59877.0
TrustSwap,0xcc4304a31d09258b0029ea7fe63d032f52e44efe,19210.0
yearn.finance,0x0bc529c00c6401aef6d220be8c6ea1667f6ad93e,52744.0
DEXTools,0xfb7b4564402e5500db5bb6d63ae671302777c75a,17915.0
Rarible,0xfca59cd816ab1ead66534d82bc21e7515ce441cf,24137.0
DFI.Money,0xa1d0E215a23d7030842FC67cE582a6aFa3CCaB83,13027.0
Student Coin,0x15b543e986b8c34074dfc9901136d9355a537e7e,12179.0
Shiba Inu,0x95ad61b0a150d79219dcf64e1e6cc01f0b64c4ce,1381982.0
DIA,0x84ca8bc7997272c7cfb4d0cd3d55cd942b3c9419,22579.0
Suku,0x0763fdCCF1aE541A5961815C0872A8c5Bc6DE4d7,12623.0
The Sandbox,0x3845badAde8e6dFF049820680d1F14bD3903a5d0,215297.0
Arcona,0x0f71b8de197a1c84d31de0f1fa7926c365f052b3,23304.0
SocialGood,0xddf7fd345d54ff4b40079579d4c4670415dbfd0a,21479.0
Strong,0x990f341946a3fdb507ae7e52d17851b87168017c,34885.0
Curve DAO Token,0xD533a949740bb3306d119CC777fa900bA034cd52,83596.0
Sperax,0xB4A3B0Faf0Ab53df58001804DdA5Bfc6a3D59008,10381.0
The Graph,0xc944e90c64b2c07662a292be6244bdf05cda44a7,153267.0
Chain Games,0xC4C2614E694cF534D407Ee49F8E44D125E4681c4,18057.0
SushiSwap,0x6b3595068778dd592e39a122f4f5a5cf09c90fe2,121021.0
Axie Infinity,0xbb0e17ef65f82ab018d8edd776e8dd940327b28b,79024.0
Harvest Finance,0xa0246c9032bC3A600820415aE600c6388619A14D,15063.0
Amp,0xff20817765cb7f73d4bde2e66e067e58d11095c2,96708.0
Perpetual Protocol,0xbc396689893d065f41bc2c6ecbee5e0085233447,12357.0
Frax Share,0x3432b6a60d23ca0dfca7761b7ab56459d9c964d0,17338.0
Alchemy Pay,0xed04915c23f00a313a544955524eb7dbd823143d,27984.0
DeFi Pulse Index,0x1494ca1f11d487c2bbe4543e90080aeba4ba3c2b,15514.0
Gala,0xd1d2Eb1B1e90B638588728b4130137D262C87cae,219001.0
Uniswap,0x1f9840a85d5af5bf1d1762f925bdaddc4201f984,377590.0
Linear Finance,0x3e9bc21c9b189c09df3ef1b824798658d5011937,15557.0
PancakeSwap,0x152649eA73beAb28c5b49B26eb48f7EAD6d4c898,11083.0
Bidao,0x25e1474170c4c0aA64fa98123bdc8dB49D7802fa,13836.0
Polkastarter,0x83e6f1e41cdd28eaceb20cb649155049fac3d5aa,34383.0
DODO,0x43dfc4159d86f3a37a5a4b3d4580b888ad7d4ddd,14344.0
APY.Finance,0x95a4492F028aa1fd432Ea71146b433E7B4446611,12932.0
Stella,0xa1faa113cbe53436df28ff0aee54275c13b40975,10068.0
SaTT,0xDF49C9F599A0A9049D97CFF34D0C30E468987389,14779.0
Aave,0x7Fc66500c84A76Ad7e9c93437bFc5Ac33E2DDaE9,165687.0
Truebit,0xf65B5C5104c4faFD4b709d9D60a185eAE063276c,21582.0
Liquity,0x6DEA81C8171D0bA574754EF6F8b412F2Ed88c54D,13972.0
BarnBridge,0x0391D2021f89DC339F60Fff84546EA23E337750f,14982.0
Audius,0x18aaa7115705e8be94bffebde57af9bfc265b998,39489.0
Marlin,0x57b946008913b82e4df85f501cbaed910e58d26c,10708.0
Yield Protocol,0xa8B61CfF52564758A204F841E636265bEBC8db9B,10648.0
WOO,0x4691937a7508860f876c9c0a2a617e7d9e945d4b,19096.0
Oraichain,0x4c11249814f11b9346808179cf06e71ac328c1b5,12493.0
unFederalReserve,0x5218E472cFCFE0b64A064F055B43b4cdC9EfD3A6,12448.0
Lattice Token,0xa393473d64d2F9F026B60b6Df7859A689715d092,13820.0
saffron.finance,0xb753428af26e81097e7fd17f40c88aaa3e04902c,13639.0
RFOX,0xa1d6df714f91debf4e0802a542e13067f31b8262,11205.0
Rook,0xfa5047c9c78b8877af97bdcb85db743fd7313d4a,16467.0
Folder Protocol,0xa8580f3363684d76055bdc6660caefe8709744e1,23117.0
e-Radix,0x6468e79A80C0eaB0F9A2B574c8d5bC374Af59414,14863.0
Experty Wisdom Token,0xDecade1c6Bf2cD9fb89aFad73e4a519C867adcF5,17421.0
API3,0x0b38210ea11411557c13457D4dA7dC6ea731B88a,22563.0
Mirror Protocol,0x09a3EcAFa817268f77BE1283176B946C4ff2E608,28584.0
Badger DAO,0x3472a5a71965499acd81997a54bba8d852c6e53d,31484.0
Efforce,0x34950ff2b487d9e5282c5ab342d08a2f712eb79f,10264.0
Lido DAO,0x5a98fcbea516cf06857215779fd812ca3bef1b32,43853.0
Tornado Cash,0x77777feddddffc19ff86db637967013e6c6a116c,10656.0
Rally,0xf1f955016EcbCd7321c7266BccFB96c68ea5E49b,19637.0
Tokenlon Network Token,0x0000000000095413afc295d19edeb1ad7b71c952,42403.0
Lido Staked ETH,0xae7ab96520de3a18e5e111b5eaab095312d7fe84,321282.0
1inch Network,0x111111111117dc0aa78b770fa6a738034120c302,100538.0
OVR,0x21bfbda47a0b4b5b1248c767ee49f7caa9b23697,17811.0
Exeedme,0xee573a945b01b788b9287ce062a0cfc15be9fd86,11096.0
Bao Finance (old),0x374cb8c27130e2c9e04f44303f3c8351b9de61c1,13397.0
Shapeshift FOX Token,0xc770eefad204b5180df6a14ee197d99d808ee52d,38672.0
SuperVerse,0xe53ec727dbdeb9e2d5456c3be40cff031ab40a55,29214.0
PolkaBridge,0x298d492e8c1d909d3f63bc4a36c66c64acb3d695,13531.0
PAID Network,0x1614F18Fc94f47967A3Fbe5FfcD46d4e7Da3D787,15697.0
Bridge Mutual,0x725c263e32c72ddc3a19bea12c5a0479a81ee688,11602.0
Akita Inu,0x3301ee63fb29f863f2333bd4466acb46cd8323e6,60212.0
CLV,0x80C62FE4487E1351b47Ba49809EBD60ED085bf52,15488.0
Umbrella Network,0x6fc13eace26590b80cccab1ba5d51890577d83b2,10104.0
DAO Maker,0x0f51bb10119727a7e5ea3538074fb341f56b09ad,18475.0
JasmyCoin,0x7420B4b9a0110cdC71fB720908340C03F9Bc03EC,60395.0
Hoge Finance,0xfad45e47083e4607302aa43c65fb3106f1cd7607,67898.0
VAIOT,0xD13cfD3133239a3c73a9E535A5c4DadEE36b395c,12355.0
Luxurious Pro Network Token,0x6a4c76874e686a7d080d173987a35a9c48905583,17439.0
Mask Network,0x69af81e73a73b40adf4f3d4223cd9b1ece623074,13298.0
Fractal ID,0xf4d861575ecc9493420a3f5a14f85b13f0b50eb3,10163.0
Bounce Token,0xa9b1eb5908cfc3cdf91f9b8b3a74108598009096,14956.0
Alchemix,0xdbdb4d16eda451d0503b854cf79d55697f90c8df,13020.0
Ethernity,0xbbc2ae13b23d715c30720f079fcd9b4a74093505,29936.0
Aurox,0xc6dddb5bc6e61e0841c54f3e723ae1f3a807260b,20670.0
ChainGuardians,0x1fe24f25b1cf609b9c4e7e12d802e3640dfa5e43,10008.0
Vow,0x1BBf25e71EC48B84d773809B4bA55B6F4bE946Fb,26739.0
Pando,0x252b9F56359901a0BDE52d0675b1f1130d86F471,14791.0
Illuvium,0x767fe9edc9e0df98e07454847909b5e959d7ca0e,47864.0
MeetPle,0x47481c1b44F2A1c0135c45AA402CE4F4dDE4D30e,13920.0
xSUSHI,0x8798249c2E607446EfB7Ad49eC89dD1865Ff4272,15635.0
Strike,0x74232704659ef37c08995e386a2e26cc27a8d7b1,10305.0
Polychain Monsters,0x1796ae0b0fa4862485106a0de9b654eFE301D0b2,16012.0
Efinity Token,0x656C00e1BcD96f256F224AD9112FF426Ef053733,17024.0
Tribe,0xc7283b66Eb1EB5FB86327f08e1B5816b0720212B,14468.0
Pundi X (New),0x0fd10b9899882a6f2fcb5c371e17e70fdee00c38,19295.0
CARD.STARTER,0x3d6f0dea3ac3c607b3998e6ce14b6350721752d9,12092.0
Alchemist,0x88acdd2a6425c3faae4bc9650fd7e27e0bebb7ab,10952.0
Metaverse Index,0x72e364f2abdc788b7e918bc238b21f109cd634d7,10805.0
Doge Killer,0x27c70cd1946795b66be9d954418546998b546634,30650.0
Vulcan Forged (PYR),0x430ef9263e76dae63c84292c3409d61c598e9682,16458.0
Kishu Inu,0xA2b4C0Af19cC16a6CfAcCe81F192B024d625817D,262529.0
Ampleforth Governance Token,0x77fba179c79de5b7653f68b5039af940ada60ce0,26276.0
Dogelon Mars,0x761d38e5ddf6ccf6cf7c55759d5210750b5d60f3,147376.0
Kyber Network Crystal v2,0xdeFA4e8a7bcBA345F687a2f1456F5Edd9CE97202,17166.0
Biconomy,0xf17e65822b568b3903685a7c9f496cf7656cc6c2,14883.0
SingularityDAO,0x993864e43caa7f7f12953ad6feb1d1ca635b875f,14898.0
Metis,0x9E32b13ce7f2E80A01932B42553652E053D6ed8e,22228.0
GogolCoin,0x083d41d6dd21ee938f0c055ca4fb12268df0efac,16009.0
Wilder World,0x2a3bff78b79a009976eea096a51a948a3dc00e34,15261.0
Sanshu Inu,0xc73c167e7a4ba109e4052f70d5466d0c312a344d,44821.0
Virtue Poker,0x5eeaa2dcb23056f4e8654a349e57ebe5e76b5e6e,14450.0
Tiger King Coin,0x24e89bdf2f65326b94e36978a7edeac63623dafa,15481.0
EthereumMax,0x15874d65e649880c2614e7a480cb7c9a55787ff6,109556.0
Convex Finance,0x4e3fbd56cd56c3e72c1403e103b45db9da5b9d2b,22644.0
Netvrk,0xfc0d6cf33e38bce7ca7d89c0e292274031b7157a,10063.0
SafeMoon Inu,0xCd7492db29E2ab436e819b249452EE1bbDf52214,16838.0
Bezoge Earth,0xdc349913d53b446485e98b76800b6254f43df695,30655.0
Zoo Token,0x1341a2257fa7b770420ef70616f888056f90926c,18668.0
Gitcoin,0xde30da39c46104798bb5aa3fe8b9e0e1f348163f,83719.0
AstroElon,0x97b65710d03e12775189f0d113202cc1443b0aa2,13716.0
Gomining,0x7Ddc52c4De30e94Be3A6A0A2b259b2850f421989,10352.0
Swarm,0x19062190b1925b5b6689d7073fdfc8c2976ef8cb,24034.0
Kuma Inu,0x48c276e8d03813224bb1e55f953adb6d02fd3e02,23994.0
Baby Doge Coin,0xac57de9c1a09fec648e93eb98875b212db0d460b,12702.0
EQIFI,0xbd3de9a069648c84d27d74d701c9fa3253098b15,11798.0
Immutable,0xf57e7e7c23978c3caec3c3548e3d615c346e79ff,72143.0
Gods Unchained,0xccc8cb5229b0ac8069c51fd58367fd1e622afd97,17954.0
Yield Guild Games,0x25f8087ead173b73d6e8b84329989a8eea16cf73,22206.0
UFO Gaming,0x249e38ea4102d0cf8264d3701f1a0e39c4f2dc3b,68873.0
DeRace,0x9fa69536d1cda4a04cfb50688294de75b505a9ae,11865.0
Qredo,0x4123a133ae3c521fd134d7b13a2dec35b56c2463,13727.0
FLOKI,0xcf0c122c6b73ff809c693db761e7baebe62b6a2e,73795.0
Starlink,0x8e6cd950ad6ba651f6dd608dc70e5886b1aa6b24,36127.0
Million,0x6b4c7a5e3f0b99fcd83e9c089bddd6c7fce5c611,12353.0
BabyDoge ETH,0xac8e13ecc30da7ff04b842f21a62a1fb0f10ebd5,19548.0
Witch Token,0xdc524e3c6910257744c1f93cf15e9f472b5bd236,10928.0
DeFine,0x62959c699a52ec647622c91e79ce73344e4099f5,11101.0
dYdX (ethDYDX),0x92d6c1e31e14520e676a687f0a93788b716beff5,53208.0
Wrapped LUNA Classic,0xd2877702675e6ceb975b4a1dff9fb7baf4c91ea9,84954.0
BitDAO,0x1A4b46696b2bB4794Eb3D4c26f1c55F9170fa4C5,20806.0
Ryoshis Vision,0x777E2ae845272a2F540ebf6a3D03734A5a8f618e,35644.0
Spell Token,0x090185f2135308bad17527004364ebcc2d37e5f6,32774.0
The Doge NFT,0xbaac2b4491727d78d2b78815144570b9f2fe8899,13488.0
ASH,0x64d91f12ece7362f91a6f8e7940cd55f05060b92,10470.0
Adventure Gold,0x32353a6c91143bfd6c7d363b546e62a9a2489a20,13216.0
Bone ShibaSwap,0x9813037ee2218799597d83D4a5B6F3b6778218d9,95892.0
Galxe,0x5fAa989Af96Af85384b8a938c2EdE4A7378D9875,18363.0
Merchant Token,0xe66b3aa360bb78468c00bebe163630269db3324f,56761.0
Mononoke Inu,0x4da08a1bff50be96bded5c7019227164b49c2bfc,62374.0
Stader,0x30D20208d987713f46DFD34EF128Bb16C404D10f,15931.0
Universal Basic Income,0xdd1ad9a21ce722c151a836373babe42c868ce9a4,13968.0
Piccolo Inu,0x3a1311b8c404629e38f61d566cefefed083b9670,13300.0
Worldcoin,0x163f8c2467924be0ae7b5347228cabf260318753,10839.0
Shiryo,0x1E2F15302B90EddE696593607b6bD444B64e8F02,46076.0
Ethereum Name Service,0xC18360217D8F7Ab5e7c516566761Ea12Ce7F9D72,66155.0
GM Wagmi,0xbc7250c8c3eca1dfc1728620af835fca489bfdf3,12995.0
ConstitutionDAO,0x7a58c0be72be218b41c608b7fe7c5bb630736c71,17166.0
Victoria VR,0x7d5121505149065b562c789a0145ed750e6e8cdd,10892.0
Mintlayer,0x059956483753947536204e89bfad909e1a434cc6,11364.0
MADworld,0x31c2415c946928e9FD1Af83cdFA38d3eDBD4326f,16633.0
Rocket Pool ETH,0xae78736cd615f374d3085123a210448e74fc6393,18623.0
EVERY GAME,0x62d3c05b9c3d916fbc111819bbd3cee52906c1ae,11428.0
DappRadar,0x44709a920fccf795fbc57baa433cc3dd53c44dbe,13545.0
SENATE,0x34Be5b8C30eE4fDe069DC878989686aBE9884470,16015.0
Rollbit Coin,0x046eee2cc3188071c02bfc1745a6b17c656e3f3d,24135.0
SIDUS,0x549020a9Cb845220D66d3E9c6D9F9eF61C981102,31827.0
LIT,0xC5b3D3231001a776123194Cf1290068e8b0C783b,10116.0
NvirWorld,0x9d71CE49ab8A0E6D2a1e7BFB89374C9392FD6804,18401.0
Mongoose,0xa1817b6d8d890f3943b61648992730373b71f156,14460.0
pSTAKE Finance,0xfB5c6815cA3AC72Ce9F5006869AE67f18bF77006,15200.0
Frontrow,0xe6602b34d8510b033e000975b3322537c7172441,12353.0
Governance OHM,0x0ab87046fBb341D058F17CBC4c1133F25a20a52f,38637.0
OpenDAO,0x3b484b82567a09e2588a13d54d032153f0c0aee0,185082.0
ShibaDoge,0x6adb2e268de2aa1abf6578e4a8119b960e02928f,29438.0
Gas DAO,0x6bba316c48b49bd1eac44573c5c871ff02958469,45190.0
NFT Worlds,0xd5d86fc8d5c0ea1ac1ac5dfab6e529c9967a45e9,10862.0
Artificial Liquid Intelligence,0x6b0b3a982b4634ac68dd83a4dbf02311ce324181,12589.0
LooksRare,0xf4d2888d29d722226fafa5d9b24f9164c092421e,72743.0
MoonDAO,0x20d4DB1946859E2Adb0e5ACC2eac58047aD41395,11800.0
NYM,0x525A8F6F3Ba4752868cde25164382BfbaE3990e1,15057.0
IQ Protocol,0x6dDa263994aAB33F5Ed612294E26f2A13DF0dA05,10288.0
Cult DAO,0xf0f9d895aca5c8678f706fb8216fa22957685a13,19590.0
NuriFootBall,0x00281dfce4cfd72c0b6fda2aaaf077258743f9e8,10863.0
RSS3,0xc98d64da73a6616c42117b582e832812e7b8d57f,20803.0
GMT,0xe3c408bd53c31c085a1746af401a4042954ff740,11532.0
X2Y2,0x1E4EDE388cbc9F4b5c79681B7f94d36a11ABEBC9,11261.0
Lets Go Brandon,0xA6586E19EF681b1AC0ED3D46413D199a555dBB95,11009.0
Onyxcoin,0xA2cd3D43c775978A96BdBf12d733D5A1ED94fb18,13044.0
Hedron,0x3819f64f282bf135d62168c1e513280daf905e06,33652.0
bobcoin,0xe803178b48A0e560C2b19F3b3d4e504f79D229ce,12207.0
ApeCoin,0x4d224452801aced8b2f0aebe155379bb5d594381,145227.0
Shiba Predator,0xa71d0588EAf47f12B13cF8eC750430d21DF04974,12785.0
Stargate Finance,0xaf5191b0de278c7286d6c7cc6ab6bb8a73ba2cd6,35958.0
ECOMI,0xeD35af169aF46a02eE13b9d79Eb57d6D68C1749e,24009.0
BendDAO,0x0d02755a5700414b26ff040e1de35d337df56218,18189.0
Stronger,0xdc0327d50e6c73db2f8117760592c8bbf1cdcf38,30866.0
LynKey,0xef952363c1d990a2fa58f8b379a9fa33bad1dfd1,10062.0
CAW(A Hunters Dream),0xf3b9569F82B18aEf890De263B84189bd33EBe452,23656.0
Castello Coin,0x3fab0bbaa03bceaf7c49e2b12877db0142be65fc,10484.0
Vehicle Mining System,0x55af2344088e2fbca58cacc36b4b2815675a3f98,17319.0
Konnect,0x4c601dc69affb0d4fc8de1ac303705e432a4a27e,11616.0
Hop Protocol,0xc5102fe9359fd9a28f877a67e36b0f050d81a3cc,13879.0
Dejitaru Tsuka,0xc5fb36dd2fb59d3b98deff88425a3f425ee469ed,13962.0
MetaOctagon,0x171d76d931529384639bc9aad5b77b77041ed604,10158.0
Ondo,0xfAbA6f8e4a5E8Ab82F62fe7C39859FA577269BE3,13174.0
Qlindo,0xc18c07a18198a6340cf4d94855fe5eb6dd33b46e,10520.0
Coinbase Wrapped Staked ETH,0xbe9895146f7af43049ca1c1ae358b0541ea49704,47387.0
INOFI,0xa4be4cDC552891a6702E1aE9645EF445179a4463,17534.0
Shopping.io,0x64b78325d7495d6d4be92f234fa3f3b8d8964b8b,17219.0
Tamadoge,0x12b6893cE26Ea6341919FE289212ef77e51688c8,29757.0
XEN Crypto,0x06450dEe7FD2Fb8E39061434BAbCFC05599a6Fb8,166870.0
Myria,0xa0ef786bf476fe0810408caba05e536ac800ff86,18656.0
Boop,0x8013266cb5c9dd48bE3Ad7D1CE832874d64B3Ce1,13030.0
Hashflow,0xb3999F658C0391d94A37f7FF328F3feC942BcADC,12189.0
Trillant,0xcc06579a4cd31b79d5277ed637edbfeb7bb2686a,16679.0
Shibnobi(New),0x7DAc25b1A665e1c70F25F1fC37d88C99274984ed,12179.0
IMPT,0x04c17b9d3b29a78f7bd062a57cf44fc633e71f85,18833.0
Blur,0x5283d291dbcf85356a21ba090e6db59121208b44,53124.0
Dash 2 Trade,0x4Dd942bAa75810a3C1E876e79d5cD35E09C97A76,14780.0
tomiNet,0x4385328cc4d643ca98dfea734360c0f596c83449,13410.0
0x0.ai,0x5a3e6a77ba2f983ec0d371ea3b475f8bc0811ad5,17429.0
PAWSWAP,0xdc63269ea166b70d4780b3a11f5c825c2b761b01,10349.0
Echelon Prime,0xb23d80f5fefcddaa212212f028021b41ded428cf,11572.0
ATOR Protocol,0x0f7b3f5a8fed821c5eb60049538a548db2d479ce,16365.0
Optimus AI,0x562e362876c8aee4744fc2c6aac8394c312d215d,12407.0
AllianceBlock Nexera,0x644192291cc835a93d6330b24ea5f5fedd0eef9e,18974.0
Luffy,0x54012cDF4119DE84218F7EB90eEB87e25aE6EBd7,23205.0
Renq Finance,0xff8C479134A18918059493243943150776cF8CF2,10991.0
Switch,0xb10cc888cb2cce7036f4c7ecad8a57da16161338,11047.0
Metacade,0xed328e9c1179a30ddc1e7595e036aed8760c22af,10394.0
ADreward,0xe973e453977195422b48e1852a207b7ee9c913c7,10936.0
Pepe,0x6982508145454ce325ddbe47a25d4ec3d2311933,155070.0
Wojak,0x5026F006B85729a8b14553FAE6af249aD16c9aaB,13069.0
Love Hate Inu,0xcedefe438860d2789da6419b3a19cece2a41038d,13537.0
Bazaars,0x8d96B4ab6C741a4C8679AE323a100d74f085BA8F,10163.0
Troll,0xf8ebf4849F1Fa4FaF0DFF2106A173D3A6CB2eB3A,11633.0
BOB,0x7D8146cf21e8D7cbe46054e01588207b51198729,17964.0
Jesus Coin,0xba386A4Ca26B85FD057ab1Ef86e3DC7BdeB5ce70,15425.0
MongCoin,0x1ce270557C1f68Cfb577b856766310Bf8B47FD9C,17897.0
POOH,0xb69753c06bb5c366be51e73bfc0cc2e3dc07e371,14779.0
Turbo,0xa35923162c49cf95e6bf26623385eb431ad920d3,15442.0
Sponge,0x25722cd432d02895d9be45f5deb60fc479c8781e,13134.0
Milady Meme Coin,0x12970e6868f88f6557b76120662c1b3e50a646bf,17559.0
Ben,0x9bf1d7d63dd7a4ce167cf4866388226eeefa702e,22517.0
swETH,0xf951E335afb289353dc249e82926178EaC7DEd78,31726.0
HarryPotterObamaSonic10Inu (ERC-20),0x72e4f9f808c49a2a61de9c5896298920dc4eeea9,14362.0
Bad Idea AI,0x32b86b99441480a7e5bd3a26c124ec2373e3f015,15236.0
MEMEVENGERS,0xddf688e96cb2531a69bf6347c02f069266c1aa81,14491.0
Love,0xB22C05CeDbF879a661fcc566B5a759d005Cf7b4C,28540.0
PLANET,0x2ad9addd0d97ec3cdba27f92bf6077893b76ab0b,20512.0
FairERC20,0x2eCBa91da63C29EA80Fbe7b52632CA2d1F8e5Be0,11727.0
UniBot,0xf819d9cb1c2a819fd991781a822de3ca8607c3c9,10096.0
Mantle,0x3c3a81e81dc49a522a592e7622a7e711c06bf354,12503.0
PAAL AI,0x14fee680690900ba0cccfc76ad70fd1b95d10e16,22383.0
AIDOGE,0xe1283567345349942acdfad3692924a1b16cf3cc,26886.0
Arkham,0x6e2a43be0b1d33b726f0ca3b8de60b3482b8b050,18127.0
Stader ETHx,0xA35b1B31Ce002FBF2058D22F30f95D405200A15b,15620.0
Pond Coin,0x423f4e6138E475D85CF7Ea071AC92097Ed631eea,16517.0
El Hippo,0x7b744eEa1dECa2f1B7b31F15Ba036Fa1759452d7,12769.0
Tipcoin,0x49366a946b955E904AbeC239A4E07aCc664Fb47C,15782.0
Tipcoin,0x0176b898e92e814c06cc379e508ceb571f70bd40,13367.0
Real Smurf Cat (ETH),0xfF836A5821E69066c87E268bC51b849FaB94240C,11484.0
Wall Street Memes,0xb62e45c3df611dce236a6ddc7a493d79f9dfadef,39764.0
Shido (New),0x72c60bFffEF18dCa51db32b52b819A951b6Ddbed,14726.0
Big Time,0x64Bc2cA1Be492bE7185FAA2c8835d9b824c8a194,12862.0
LONG (ETH),0x0080428794a79a40ae03cf6E6C1D56bd5467a4A2,39006.0
Beam,0x62D0A8458eD7719FDAF978fe5929C6D342B0bFcE,22777.0
Memecoin,0xb131f4a55907b10d1f0a50d8ab8fa09ec342cd74,950779.0
Grok,0x8390a1da07e376ef7add4be859ba74fb83aa02d5,16721.0
Multibit,0x38e382f74dfb84608f3c1f10187f6bef5951de93,18456.0
Autonolas,0x0001a500a6b18995b03f44bb040a5ffc28e45cb0,14527.0
BitStable,0xda31d0d1bc934fc34f7189e38a413ca0a5e8b44f,12914.0
UPCX,0x487d62468282Bd04ddf976631C23128A425555EE,64221.0
TitanX,0xF19308F923582A6f7c465e5CE7a9Dc1BEC6665B1,10767.0
Altlayer,0x8457CA5040ad67fdebbCC8EdCE889A335Bc0fbFB,162021.0
SatoshiVM,0x15e6E0D4ebeAC120F9a97e71FaA6a0235b85ED12,13592.0
PepeFork,0xb9f599ce614Feb2e1BBe58F180F370D05b39344E,11411.0
Kelp DAO Restaked ETH,0xA1290d69c65A6Fe4DF752f95823fae25cB99e5A7,15151.0
